"State","Ten.Year.Age.Groups","Gender","Deaths"
"Alabama","< 1 year","Female",19
"Alabama","1-4 years","Female",3
"Alabama","5-14 years","Female",4
"Alabama","15-24 years","Female",17
"Alabama","25-34 years","Female",33
"Alabama","35-44 years","Female",62
"Alabama","45-54 years","Female",135
"Alabama","55-64 years","Female",282
"Alabama","65-74 years","Female",434
"Alabama","75-84 years","Female",589
"Alabama","85+ years","Female",754
"Alabama","< 1 year","Male",23
"Alabama","1-4 years","Male",5
"Alabama","5-14 years","Male",6
"Alabama","15-24 years","Male",44
"Alabama","25-34 years","Male",71
"Alabama","35-44 years","Male",99
"Alabama","45-54 years","Male",200
"Alabama","55-64 years","Male",434
"Alabama","65-74 years","Male",578
"Alabama","75-84 years","Male",590
"Alabama","85+ years","Male",425
"Alaska","< 1 year","Female",3
"Alaska","1-4 years","Female",1
"Alaska","5-14 years","Female",1
"Alaska","15-24 years","Female",3
"Alaska","25-34 years","Female",7
"Alaska","35-44 years","Female",7
"Alaska","45-54 years","Female",15
"Alaska","55-64 years","Female",29
"Alaska","65-74 years","Female",36
"Alaska","75-84 years","Female",39
"Alaska","85+ years","Female",46
"Alaska","< 1 year","Male",3
"Alaska","1-4 years","Male",1
"Alaska","5-14 years","Male",1
"Alaska","15-24 years","Male",9
"Alaska","25-34 years","Male",14
"Alaska","35-44 years","Male",13
"Alaska","45-54 years","Male",23
"Alaska","55-64 years","Male",48
"Alaska","65-74 years","Male",55
"Alaska","75-84 years","Male",48
"Alaska","85+ years","Male",32
"Arizona","< 1 year","Female",20
"Arizona","1-4 years","Female",4
"Arizona","5-14 years","Female",5
"Arizona","15-24 years","Female",20
"Arizona","25-34 years","Female",39
"Arizona","35-44 years","Female",62
"Arizona","45-54 years","Female",130
"Arizona","55-64 years","Female",281
"Arizona","65-74 years","Female",471
"Arizona","75-84 years","Female",656
"Arizona","85+ years","Female",975
"Arizona","< 1 year","Male",25
"Arizona","1-4 years","Male",6
"Arizona","5-14 years","Male",7
"Arizona","15-24 years","Male",57
"Arizona","25-34 years","Male",97
"Arizona","35-44 years","Male",112
"Arizona","45-54 years","Male",220
"Arizona","55-64 years","Male",450
"Arizona","65-74 years","Male",662
"Arizona","75-84 years","Male",771
"Arizona","85+ years","Male",697
"Arkansas","< 1 year","Female",12
"Arkansas","1-4 years","Female",2
"Arkansas","5-14 years","Female",3
"Arkansas","15-24 years","Female",10
"Arkansas","25-34 years","Female",18
"Arkansas","35-44 years","Female",36
"Arkansas","45-54 years","Female",81
"Arkansas","55-64 years","Female",173
"Arkansas","65-74 years","Female",265
"Arkansas","75-84 years","Female",364
"Arkansas","85+ years","Female",476
"Arkansas","< 1 year","Male",15
"Arkansas","1-4 years","Male",3
"Arkansas","5-14 years","Male",4
"Arkansas","15-24 years","Male",25
"Arkansas","25-34 years","Male",38
"Arkansas","35-44 years","Male",57
"Arkansas","45-54 years","Male",116
"Arkansas","55-64 years","Male",260
"Arkansas","65-74 years","Male",362
"Arkansas","75-84 years","Male",383
"Arkansas","85+ years","Male",284
"California","< 1 year","Female",85
"California","1-4 years","Female",14
"California","5-14 years","Female",21
"California","15-24 years","Female",73
"California","25-34 years","Female",140
"California","35-44 years","Female",243
"California","45-54 years","Female",575
"California","55-64 years","Female",1254
"California","65-74 years","Female",1924
"California","75-84 years","Female",2814
"California","85+ years","Female",5204
"California","< 1 year","Male",108
"California","1-4 years","Male",19
"California","5-14 years","Male",28
"California","15-24 years","Male",219
"California","25-34 years","Male",367
"California","35-44 years","Male",458
"California","45-54 years","Male",958
"California","55-64 years","Male",2027
"California","65-74 years","Male",2642
"California","75-84 years","Male",3024
"California","85+ years","Male",3441
"Colorado","< 1 year","Female",14
"Colorado","1-4 years","Female",2
"Colorado","5-14 years","Female",4
"Colorado","15-24 years","Female",14
"Colorado","25-34 years","Female",28
"Colorado","35-44 years","Female",42
"Colorado","45-54 years","Female",87
"Colorado","55-64 years","Female",184
"Colorado","65-74 years","Female",281
"Colorado","75-84 years","Female",404
"Colorado","85+ years","Female",694
"Colorado","< 1 year","Male",16
"Colorado","1-4 years","Male",3
"Colorado","5-14 years","Male",5
"Colorado","15-24 years","Male",39
"Colorado","25-34 years","Male",70
"Colorado","35-44 years","Male",79
"Colorado","45-54 years","Male",141
"Colorado","55-64 years","Male",301
"Colorado","65-74 years","Male",381
"Colorado","75-84 years","Male",423
"Colorado","85+ years","Male",445
"Connecticut","< 1 year","Female",7
"Connecticut","1-4 years","Female",1
"Connecticut","5-14 years","Female",2
"Connecticut","15-24 years","Female",7
"Connecticut","25-34 years","Female",14
"Connecticut","35-44 years","Female",21
"Connecticut","45-54 years","Female",56
"Connecticut","55-64 years","Female",120
"Connecticut","65-74 years","Female",193
"Connecticut","75-84 years","Female",316
"Connecticut","85+ years","Female",713
"Connecticut","< 1 year","Male",8
"Connecticut","1-4 years","Male",1
"Connecticut","5-14 years","Male",2
"Connecticut","15-24 years","Male",17
"Connecticut","25-34 years","Male",36
"Connecticut","35-44 years","Male",44
"Connecticut","45-54 years","Male",92
"Connecticut","55-64 years","Male",193
"Connecticut","65-74 years","Male",257
"Connecticut","75-84 years","Male",318
"Connecticut","85+ years","Male",421
"Delaware","< 1 year","Female",3
"Delaware","1-4 years","Female",1
"Delaware","5-14 years","Female",0
"Delaware","15-24 years","Female",2
"Delaware","25-34 years","Female",6
"Delaware","35-44 years","Female",9
"Delaware","45-54 years","Female",20
"Delaware","55-64 years","Female",44
"Delaware","65-74 years","Female",70
"Delaware","75-84 years","Female",99
"Delaware","85+ years","Female",154
"Delaware","< 1 year","Male",4
"Delaware","1-4 years","Male",1
"Delaware","5-14 years","Male",1
"Delaware","15-24 years","Male",7
"Delaware","25-34 years","Male",14
"Delaware","35-44 years","Male",16
"Delaware","45-54 years","Male",31
"Delaware","55-64 years","Male",65
"Delaware","65-74 years","Male",96
"Delaware","75-84 years","Male",107
"Delaware","85+ years","Male",99
"District of Columbia","< 1 year","Female",3
"District of Columbia","1-4 years","Female",0
"District of Columbia","5-14 years","Female",0
"District of Columbia","15-24 years","Female",1
"District of Columbia","25-34 years","Female",4
"District of Columbia","35-44 years","Female",7
"District of Columbia","45-54 years","Female",17
"District of Columbia","55-64 years","Female",36
"District of Columbia","65-74 years","Female",42
"District of Columbia","75-84 years","Female",48
"District of Columbia","85+ years","Female",83
"District of Columbia","< 1 year","Male",4
"District of Columbia","1-4 years","Male",1
"District of Columbia","5-14 years","Male",1
"District of Columbia","15-24 years","Male",6
"District of Columbia","25-34 years","Male",11
"District of Columbia","35-44 years","Male",12
"District of Columbia","45-54 years","Male",25
"District of Columbia","55-64 years","Male",53
"District of Columbia","65-74 years","Male",53
"District of Columbia","75-84 years","Male",45
"District of Columbia","85+ years","Male",44
"Florida","< 1 year","Female",57
"Florida","1-4 years","Female",10
"Florida","5-14 years","Female",13
"Florida","15-24 years","Female",50
"Florida","25-34 years","Female",115
"Florida","35-44 years","Female",183
"Florida","45-54 years","Female",422
"Florida","55-64 years","Female",933
"Florida","65-74 years","Female",1483
"Florida","75-84 years","Female",2183
"Florida","85+ years","Female",3657
"Florida","< 1 year","Male",74
"Florida","1-4 years","Male",14
"Florida","5-14 years","Male",17
"Florida","15-24 years","Male",136
"Florida","25-34 years","Male",254
"Florida","35-44 years","Male",312
"Florida","45-54 years","Male",662
"Florida","55-64 years","Male",1479
"Florida","65-74 years","Male",2110
"Florida","75-84 years","Male",2513
"Florida","85+ years","Male",2561
"Georgia","< 1 year","Female",42
"Georgia","1-4 years","Female",6
"Georgia","5-14 years","Female",9
"Georgia","15-24 years","Female",29
"Georgia","25-34 years","Female",57
"Georgia","35-44 years","Female",105
"Georgia","45-54 years","Female",236
"Georgia","55-64 years","Female",496
"Georgia","65-74 years","Female",722
"Georgia","75-84 years","Female",923
"Georgia","85+ years","Female",1235
"Georgia","< 1 year","Male",48
"Georgia","1-4 years","Male",8
"Georgia","5-14 years","Male",12
"Georgia","15-24 years","Male",79
"Georgia","25-34 years","Male",125
"Georgia","35-44 years","Male",161
"Georgia","45-54 years","Male",345
"Georgia","55-64 years","Male",724
"Georgia","65-74 years","Male",949
"Georgia","75-84 years","Male",918
"Georgia","85+ years","Male",668
"Hawaii","< 1 year","Female",4
"Hawaii","1-4 years","Female",1
"Hawaii","5-14 years","Female",1
"Hawaii","15-24 years","Female",3
"Hawaii","25-34 years","Female",5
"Hawaii","35-44 years","Female",9
"Hawaii","45-54 years","Female",20
"Hawaii","55-64 years","Female",46
"Hawaii","65-74 years","Female",73
"Hawaii","75-84 years","Female",98
"Hawaii","85+ years","Female",236
"Hawaii","< 1 year","Male",6
"Hawaii","1-4 years","Male",1
"Hawaii","5-14 years","Male",1
"Hawaii","15-24 years","Male",7
"Hawaii","25-34 years","Male",12
"Hawaii","35-44 years","Male",18
"Hawaii","45-54 years","Male",37
"Hawaii","55-64 years","Male",83
"Hawaii","65-74 years","Male",117
"Hawaii","75-84 years","Male",120
"Hawaii","85+ years","Male",161
"Idaho","< 1 year","Female",5
"Idaho","1-4 years","Female",1
"Idaho","5-14 years","Female",2
"Idaho","15-24 years","Female",4
"Idaho","25-34 years","Female",6
"Idaho","35-44 years","Female",12
"Idaho","45-54 years","Female",25
"Idaho","55-64 years","Female",60
"Idaho","65-74 years","Female",97
"Idaho","75-84 years","Female",146
"Idaho","85+ years","Female",233
"Idaho","< 1 year","Male",5
"Idaho","1-4 years","Male",1
"Idaho","5-14 years","Male",2
"Idaho","15-24 years","Male",12
"Idaho","25-34 years","Male",15
"Idaho","35-44 years","Male",21
"Idaho","45-54 years","Male",37
"Idaho","55-64 years","Male",90
"Idaho","65-74 years","Male",137
"Idaho","75-84 years","Male",172
"Idaho","85+ years","Male",159
"Illinois","< 1 year","Female",37
"Illinois","1-4 years","Female",5
"Illinois","5-14 years","Female",8
"Illinois","15-24 years","Female",29
"Illinois","25-34 years","Female",56
"Illinois","35-44 years","Female",92
"Illinois","45-54 years","Female",221
"Illinois","55-64 years","Female",513
"Illinois","65-74 years","Female",797
"Illinois","75-84 years","Female",1180
"Illinois","85+ years","Female",2089
"Illinois","< 1 year","Male",48
"Illinois","1-4 years","Male",7
"Illinois","5-14 years","Male",11
"Illinois","15-24 years","Male",89
"Illinois","25-34 years","Male",140
"Illinois","35-44 years","Male",172
"Illinois","45-54 years","Male",351
"Illinois","55-64 years","Male",795
"Illinois","65-74 years","Male",1040
"Illinois","75-84 years","Male",1182
"Illinois","85+ years","Male",1218
"Indiana","< 1 year","Female",24
"Indiana","1-4 years","Female",4
"Indiana","5-14 years","Female",6
"Indiana","15-24 years","Female",21
"Indiana","25-34 years","Female",41
"Indiana","35-44 years","Female",68
"Indiana","45-54 years","Female",150
"Indiana","55-64 years","Female",333
"Indiana","65-74 years","Female",519
"Indiana","75-84 years","Female",733
"Indiana","85+ years","Female",1155
"Indiana","< 1 year","Male",32
"Indiana","1-4 years","Male",5
"Indiana","5-14 years","Male",7
"Indiana","15-24 years","Male",54
"Indiana","25-34 years","Male",91
"Indiana","35-44 years","Male",114
"Indiana","45-54 years","Male",235
"Indiana","55-64 years","Male",509
"Indiana","65-74 years","Male",674
"Indiana","75-84 years","Male",741
"Indiana","85+ years","Male",676
"Iowa","< 1 year","Female",8
"Iowa","1-4 years","Female",1
"Iowa","5-14 years","Female",2
"Iowa","15-24 years","Female",7
"Iowa","25-34 years","Female",11
"Iowa","35-44 years","Female",21
"Iowa","45-54 years","Female",51
"Iowa","55-64 years","Female",122
"Iowa","65-74 years","Female",205
"Iowa","75-84 years","Female",328
"Iowa","85+ years","Female",664
"Iowa","< 1 year","Male",10
"Iowa","1-4 years","Male",2
"Iowa","5-14 years","Male",4
"Iowa","15-24 years","Male",17
"Iowa","25-34 years","Male",26
"Iowa","35-44 years","Male",36
"Iowa","45-54 years","Male",82
"Iowa","55-64 years","Male",203
"Iowa","65-74 years","Male",285
"Iowa","75-84 years","Male",351
"Iowa","85+ years","Male",400
"Kansas","< 1 year","Female",9
"Kansas","1-4 years","Female",1
"Kansas","5-14 years","Female",3
"Kansas","15-24 years","Female",8
"Kansas","25-34 years","Female",14
"Kansas","35-44 years","Female",24
"Kansas","45-54 years","Female",54
"Kansas","55-64 years","Female",134
"Kansas","65-74 years","Female",200
"Kansas","75-84 years","Female",302
"Kansas","85+ years","Female",555
"Kansas","< 1 year","Male",12
"Kansas","1-4 years","Male",2
"Kansas","5-14 years","Male",3
"Kansas","15-24 years","Male",22
"Kansas","25-34 years","Male",31
"Kansas","35-44 years","Male",39
"Kansas","45-54 years","Male",82
"Kansas","55-64 years","Male",201
"Kansas","65-74 years","Male",271
"Kansas","75-84 years","Male",314
"Kansas","85+ years","Male",342
"Kentucky","< 1 year","Female",14
"Kentucky","1-4 years","Female",3
"Kentucky","5-14 years","Female",4
"Kentucky","15-24 years","Female",13
"Kentucky","25-34 years","Female",34
"Kentucky","35-44 years","Female",59
"Kentucky","45-54 years","Female",132
"Kentucky","55-64 years","Female",272
"Kentucky","65-74 years","Female",416
"Kentucky","75-84 years","Female",546
"Kentucky","85+ years","Female",717
"Kentucky","< 1 year","Male",18
"Kentucky","1-4 years","Male",3
"Kentucky","5-14 years","Male",5
"Kentucky","15-24 years","Male",34
"Kentucky","25-34 years","Male",66
"Kentucky","35-44 years","Male",98
"Kentucky","45-54 years","Male",201
"Kentucky","55-64 years","Male",414
"Kentucky","65-74 years","Male",541
"Kentucky","75-84 years","Male",550
"Kentucky","85+ years","Male",409
"Louisiana","< 1 year","Female",19
"Louisiana","1-4 years","Female",4
"Louisiana","5-14 years","Female",4
"Louisiana","15-24 years","Female",15
"Louisiana","25-34 years","Female",34
"Louisiana","35-44 years","Female",57
"Louisiana","45-54 years","Female",118
"Louisiana","55-64 years","Female",264
"Louisiana","65-74 years","Female",373
"Louisiana","75-84 years","Female",486
"Louisiana","85+ years","Female",651
"Louisiana","< 1 year","Male",25
"Louisiana","1-4 years","Male",5
"Louisiana","5-14 years","Male",7
"Louisiana","15-24 years","Male",45
"Louisiana","25-34 years","Male",75
"Louisiana","35-44 years","Male",95
"Louisiana","45-54 years","Male",183
"Louisiana","55-64 years","Male",407
"Louisiana","65-74 years","Male",491
"Louisiana","75-84 years","Male",487
"Louisiana","85+ years","Male",381
"Maine","< 1 year","Female",3
"Maine","1-4 years","Female",0
"Maine","5-14 years","Female",1
"Maine","15-24 years","Female",2
"Maine","25-34 years","Female",6
"Maine","35-44 years","Female",10
"Maine","45-54 years","Female",27
"Maine","55-64 years","Female",62
"Maine","65-74 years","Female",107
"Maine","75-84 years","Female",166
"Maine","85+ years","Female",289
"Maine","< 1 year","Male",4
"Maine","1-4 years","Male",1
"Maine","5-14 years","Male",1
"Maine","15-24 years","Male",7
"Maine","25-34 years","Male",15
"Maine","35-44 years","Male",20
"Maine","45-54 years","Male",44
"Maine","55-64 years","Male",100
"Maine","65-74 years","Male",151
"Maine","75-84 years","Male",176
"Maine","85+ years","Male",177
"Maryland","< 1 year","Female",19
"Maryland","1-4 years","Female",3
"Maryland","5-14 years","Female",4
"Maryland","15-24 years","Female",13
"Maryland","25-34 years","Female",32
"Maryland","35-44 years","Female",49
"Maryland","45-54 years","Female",118
"Maryland","55-64 years","Female",249
"Maryland","65-74 years","Female",367
"Maryland","75-84 years","Female",509
"Maryland","85+ years","Female",873
"Maryland","< 1 year","Male",23
"Maryland","1-4 years","Male",4
"Maryland","5-14 years","Male",4
"Maryland","15-24 years","Male",43
"Maryland","25-34 years","Male",86
"Maryland","35-44 years","Male",90
"Maryland","45-54 years","Male",184
"Maryland","55-64 years","Male",367
"Maryland","65-74 years","Male",467
"Maryland","75-84 years","Male",513
"Maryland","85+ years","Male",515
"Massachusetts","< 1 year","Female",11
"Massachusetts","1-4 years","Female",2
"Massachusetts","5-14 years","Female",3
"Massachusetts","15-24 years","Female",12
"Massachusetts","25-34 years","Female",32
"Massachusetts","35-44 years","Female",45
"Massachusetts","45-54 years","Female",104
"Massachusetts","55-64 years","Female",228
"Massachusetts","65-74 years","Female",383
"Massachusetts","75-84 years","Female",609
"Massachusetts","85+ years","Female",1308
"Massachusetts","< 1 year","Male",14
"Massachusetts","1-4 years","Male",2
"Massachusetts","5-14 years","Male",4
"Massachusetts","15-24 years","Male",32
"Massachusetts","25-34 years","Male",82
"Massachusetts","35-44 years","Male",88
"Massachusetts","45-54 years","Male",177
"Massachusetts","55-64 years","Male",359
"Massachusetts","65-74 years","Male",505
"Massachusetts","75-84 years","Male",628
"Massachusetts","85+ years","Male",764
"Michigan","< 1 year","Female",29
"Michigan","1-4 years","Female",5
"Michigan","5-14 years","Female",7
"Michigan","15-24 years","Female",25
"Michigan","25-34 years","Female",57
"Michigan","35-44 years","Female",87
"Michigan","45-54 years","Female",209
"Michigan","55-64 years","Female",485
"Michigan","65-74 years","Female",746
"Michigan","75-84 years","Female",1041
"Michigan","85+ years","Female",1793
"Michigan","< 1 year","Male",38
"Michigan","1-4 years","Male",6
"Michigan","5-14 years","Male",10
"Michigan","15-24 years","Male",65
"Michigan","25-34 years","Male",122
"Michigan","35-44 years","Male",148
"Michigan","45-54 years","Male",318
"Michigan","55-64 years","Male",724
"Michigan","65-74 years","Male",979
"Michigan","75-84 years","Male",1073
"Michigan","85+ years","Male",1098
"Minnesota","< 1 year","Female",14
"Minnesota","1-4 years","Female",2
"Minnesota","5-14 years","Female",3
"Minnesota","15-24 years","Female",10
"Minnesota","25-34 years","Female",21
"Minnesota","35-44 years","Female",34
"Minnesota","45-54 years","Female",79
"Minnesota","55-64 years","Female",185
"Minnesota","65-74 years","Female",302
"Minnesota","75-84 years","Female",478
"Minnesota","85+ years","Female",999
"Minnesota","< 1 year","Male",19
"Minnesota","1-4 years","Male",4
"Minnesota","5-14 years","Male",5
"Minnesota","15-24 years","Male",29
"Minnesota","25-34 years","Male",47
"Minnesota","35-44 years","Male",57
"Minnesota","45-54 years","Male",128
"Minnesota","55-64 years","Male",299
"Minnesota","65-74 years","Male",414
"Minnesota","75-84 years","Male",519
"Minnesota","85+ years","Male",626
"Mississippi","< 1 year","Female",13
"Mississippi","1-4 years","Female",3
"Mississippi","5-14 years","Female",3
"Mississippi","15-24 years","Female",10
"Mississippi","25-34 years","Female",20
"Mississippi","35-44 years","Female",38
"Mississippi","45-54 years","Female",84
"Mississippi","55-64 years","Female",180
"Mississippi","65-74 years","Female",252
"Mississippi","75-84 years","Female",333
"Mississippi","85+ years","Female",435
"Mississippi","< 1 year","Male",16
"Mississippi","1-4 years","Male",3
"Mississippi","5-14 years","Male",5
"Mississippi","15-24 years","Male",27
"Mississippi","25-34 years","Male",43
"Mississippi","35-44 years","Male",61
"Mississippi","45-54 years","Male",123
"Mississippi","55-64 years","Male",274
"Mississippi","65-74 years","Male",345
"Mississippi","75-84 years","Male",343
"Mississippi","85+ years","Male",238
"Missouri","< 1 year","Female",19
"Missouri","1-4 years","Female",4
"Missouri","5-14 years","Female",5
"Missouri","15-24 years","Female",20
"Missouri","25-34 years","Female",37
"Missouri","35-44 years","Female",59
"Missouri","45-54 years","Female",134
"Missouri","55-64 years","Female",310
"Missouri","65-74 years","Female",478
"Missouri","75-84 years","Female",680
"Missouri","85+ years","Female",1053
"Missouri","< 1 year","Male",24
"Missouri","1-4 years","Male",5
"Missouri","5-14 years","Male",7
"Missouri","15-24 years","Male",54
"Missouri","25-34 years","Male",85
"Missouri","35-44 years","Male",106
"Missouri","45-54 years","Male",207
"Missouri","55-64 years","Male",477
"Missouri","65-74 years","Male",621
"Missouri","75-84 years","Male",707
"Missouri","85+ years","Male",642
"Montana","< 1 year","Female",3
"Montana","1-4 years","Female",1
"Montana","5-14 years","Female",1
"Montana","15-24 years","Female",4
"Montana","25-34 years","Female",6
"Montana","35-44 years","Female",9
"Montana","45-54 years","Female",20
"Montana","55-64 years","Female",46
"Montana","65-74 years","Female",70
"Montana","75-84 years","Female",105
"Montana","85+ years","Female",177
"Montana","< 1 year","Male",3
"Montana","1-4 years","Male",1
"Montana","5-14 years","Male",1
"Montana","15-24 years","Male",8
"Montana","25-34 years","Male",13
"Montana","35-44 years","Male",16
"Montana","45-54 years","Male",28
"Montana","55-64 years","Male",72
"Montana","65-74 years","Male",107
"Montana","75-84 years","Male",122
"Montana","85+ years","Male",122
"Nebraska","< 1 year","Female",6
"Nebraska","1-4 years","Female",1
"Nebraska","5-14 years","Female",2
"Nebraska","15-24 years","Female",4
"Nebraska","25-34 years","Female",6
"Nebraska","35-44 years","Female",13
"Nebraska","45-54 years","Female",30
"Nebraska","55-64 years","Female",71
"Nebraska","65-74 years","Female",111
"Nebraska","75-84 years","Female",177
"Nebraska","85+ years","Female",347
"Nebraska","< 1 year","Male",7
"Nebraska","1-4 years","Male",1
"Nebraska","5-14 years","Male",2
"Nebraska","15-24 years","Male",11
"Nebraska","25-34 years","Male",16
"Nebraska","35-44 years","Male",21
"Nebraska","45-54 years","Male",45
"Nebraska","55-64 years","Male",108
"Nebraska","65-74 years","Male",154
"Nebraska","75-84 years","Male",191
"Nebraska","85+ years","Male",215
"Nevada","< 1 year","Female",9
"Nevada","1-4 years","Female",1
"Nevada","5-14 years","Female",2
"Nevada","15-24 years","Female",8
"Nevada","25-34 years","Female",16
"Nevada","35-44 years","Female",28
"Nevada","45-54 years","Female",63
"Nevada","55-64 years","Female",135
"Nevada","65-74 years","Female",222
"Nevada","75-84 years","Female",270
"Nevada","85+ years","Female",315
"Nevada","< 1 year","Male",11
"Nevada","1-4 years","Male",3
"Nevada","5-14 years","Male",3
"Nevada","15-24 years","Male",20
"Nevada","25-34 years","Male",35
"Nevada","35-44 years","Male",49
"Nevada","45-54 years","Male",104
"Nevada","55-64 years","Male",215
"Nevada","65-74 years","Male",321
"Nevada","75-84 years","Male",329
"Nevada","85+ years","Male",235
"New Hampshire","< 1 year","Female",2
"New Hampshire","1-4 years","Female",0
"New Hampshire","5-14 years","Female",1
"New Hampshire","15-24 years","Female",3
"New Hampshire","25-34 years","Female",7
"New Hampshire","35-44 years","Female",10
"New Hampshire","45-54 years","Female",23
"New Hampshire","55-64 years","Female",53
"New Hampshire","65-74 years","Female",86
"New Hampshire","75-84 years","Female",128
"New Hampshire","85+ years","Female",238
"New Hampshire","< 1 year","Male",2
"New Hampshire","1-4 years","Male",0
"New Hampshire","5-14 years","Male",1
"New Hampshire","15-24 years","Male",8
"New Hampshire","25-34 years","Male",17
"New Hampshire","35-44 years","Male",19
"New Hampshire","45-54 years","Male",39
"New Hampshire","55-64 years","Male",85
"New Hampshire","65-74 years","Male",117
"New Hampshire","75-84 years","Male",142
"New Hampshire","85+ years","Male",150
"New Jersey","< 1 year","Female",18
"New Jersey","1-4 years","Female",3
"New Jersey","5-14 years","Female",5
"New Jersey","15-24 years","Female",17
"New Jersey","25-34 years","Female",40
"New Jersey","35-44 years","Female",59
"New Jersey","45-54 years","Female",153
"New Jersey","55-64 years","Female",324
"New Jersey","65-74 years","Female",521
"New Jersey","75-84 years","Female",813
"New Jersey","85+ years","Female",1619
"New Jersey","< 1 year","Male",23
"New Jersey","1-4 years","Male",4
"New Jersey","5-14 years","Male",6
"New Jersey","15-24 years","Male",44
"New Jersey","25-34 years","Male",100
"New Jersey","35-44 years","Male",118
"New Jersey","45-54 years","Male",244
"New Jersey","55-64 years","Male",495
"New Jersey","65-74 years","Male",665
"New Jersey","75-84 years","Male",812
"New Jersey","85+ years","Male",938
"New Mexico","< 1 year","Female",6
"New Mexico","1-4 years","Female",1
"New Mexico","5-14 years","Female",2
"New Mexico","15-24 years","Female",7
"New Mexico","25-34 years","Female",17
"New Mexico","35-44 years","Female",25
"New Mexico","45-54 years","Female",47
"New Mexico","55-64 years","Female",93
"New Mexico","65-74 years","Female",145
"New Mexico","75-84 years","Female",194
"New Mexico","85+ years","Female",290
"New Mexico","< 1 year","Male",7
"New Mexico","1-4 years","Male",1
"New Mexico","5-14 years","Male",3
"New Mexico","15-24 years","Male",21
"New Mexico","25-34 years","Male",40
"New Mexico","35-44 years","Male",49
"New Mexico","45-54 years","Male",81
"New Mexico","55-64 years","Male",151
"New Mexico","65-74 years","Male",202
"New Mexico","75-84 years","Male",221
"New Mexico","85+ years","Male",199
"New York","< 1 year","Female",42
"New York","1-4 years","Female",7
"New York","5-14 years","Female",10
"New York","15-24 years","Female",32
"New York","25-34 years","Female",75
"New York","35-44 years","Female",119
"New York","45-54 years","Female",308
"New York","55-64 years","Female",679
"New York","65-74 years","Female",1114
"New York","75-84 years","Female",1682
"New York","85+ years","Female",3274
"New York","< 1 year","Male",53
"New York","1-4 years","Male",8
"New York","5-14 years","Male",13
"New York","15-24 years","Male",87
"New York","25-34 years","Male",179
"New York","35-44 years","Male",219
"New York","45-54 years","Male",489
"New York","55-64 years","Male",1050
"New York","65-74 years","Male",1438
"New York","75-84 years","Male",1698
"New York","85+ years","Male",1936
"North Carolina","< 1 year","Female",35
"North Carolina","1-4 years","Female",5
"North Carolina","5-14 years","Female",7
"North Carolina","15-24 years","Female",28
"North Carolina","25-34 years","Female",58
"North Carolina","35-44 years","Female",96
"North Carolina","45-54 years","Female",226
"North Carolina","55-64 years","Female",479
"North Carolina","65-74 years","Female",761
"North Carolina","75-84 years","Female",1041
"North Carolina","85+ years","Female",1529
"North Carolina","< 1 year","Male",43
"North Carolina","1-4 years","Male",7
"North Carolina","5-14 years","Male",10
"North Carolina","15-24 years","Male",72
"North Carolina","25-34 years","Male",123
"North Carolina","35-44 years","Male",158
"North Carolina","45-54 years","Male",328
"North Carolina","55-64 years","Male",718
"North Carolina","65-74 years","Male",997
"North Carolina","75-84 years","Male",1053
"North Carolina","85+ years","Male",865
"North Dakota","< 1 year","Female",3
"North Dakota","1-4 years","Female",0
"North Dakota","5-14 years","Female",1
"North Dakota","15-24 years","Female",2
"North Dakota","25-34 years","Female",4
"North Dakota","35-44 years","Female",6
"North Dakota","45-54 years","Female",11
"North Dakota","55-64 years","Female",24
"North Dakota","65-74 years","Female",38
"North Dakota","75-84 years","Female",66
"North Dakota","85+ years","Female",136
"North Dakota","< 1 year","Male",4
"North Dakota","1-4 years","Male",0
"North Dakota","5-14 years","Male",1
"North Dakota","15-24 years","Male",5
"North Dakota","25-34 years","Male",10
"North Dakota","35-44 years","Male",11
"North Dakota","45-54 years","Male",18
"North Dakota","55-64 years","Male",44
"North Dakota","65-74 years","Male",59
"North Dakota","75-84 years","Male",70
"North Dakota","85+ years","Male",88
"Ohio","< 1 year","Female",40
"Ohio","1-4 years","Female",6
"Ohio","5-14 years","Female",8
"Ohio","15-24 years","Female",33
"Ohio","25-34 years","Female",78
"Ohio","35-44 years","Female",121
"Ohio","45-54 years","Female",266
"Ohio","55-64 years","Female",599
"Ohio","65-74 years","Female",921
"Ohio","75-84 years","Female",1340
"Ohio","85+ years","Female",2186
"Ohio","< 1 year","Male",51
"Ohio","1-4 years","Male",8
"Ohio","5-14 years","Male",11
"Ohio","15-24 years","Male",82
"Ohio","25-34 years","Male",167
"Ohio","35-44 years","Male",208
"Ohio","45-54 years","Male",405
"Ohio","55-64 years","Male",902
"Ohio","65-74 years","Male",1192
"Ohio","75-84 years","Male",1332
"Ohio","85+ years","Male",1294
"Oklahoma","< 1 year","Female",15
"Oklahoma","1-4 years","Female",3
"Oklahoma","5-14 years","Female",3
"Oklahoma","15-24 years","Female",12
"Oklahoma","25-34 years","Female",25
"Oklahoma","35-44 years","Female",46
"Oklahoma","45-54 years","Female",104
"Oklahoma","55-64 years","Female",235
"Oklahoma","65-74 years","Female",343
"Oklahoma","75-84 years","Female",461
"Oklahoma","85+ years","Female",602
"Oklahoma","< 1 year","Male",20
"Oklahoma","1-4 years","Male",4
"Oklahoma","5-14 years","Male",6
"Oklahoma","15-24 years","Male",31
"Oklahoma","25-34 years","Male",54
"Oklahoma","35-44 years","Male",75
"Oklahoma","45-54 years","Male",153
"Oklahoma","55-64 years","Male",343
"Oklahoma","65-74 years","Male",444
"Oklahoma","75-84 years","Male",478
"Oklahoma","85+ years","Male",378
"Oregon","< 1 year","Female",8
"Oregon","1-4 years","Female",2
"Oregon","5-14 years","Female",2
"Oregon","15-24 years","Female",8
"Oregon","25-34 years","Female",15
"Oregon","35-44 years","Female",28
"Oregon","45-54 years","Female",66
"Oregon","55-64 years","Female",163
"Oregon","65-74 years","Female",272
"Oregon","75-84 years","Female",375
"Oregon","85+ years","Female",668
"Oregon","< 1 year","Male",11
"Oregon","1-4 years","Male",2
"Oregon","5-14 years","Male",3
"Oregon","15-24 years","Male",21
"Oregon","25-34 years","Male",36
"Oregon","35-44 years","Male",47
"Oregon","45-54 years","Male",103
"Oregon","55-64 years","Male",250
"Oregon","65-74 years","Male",377
"Oregon","75-84 years","Male",409
"Oregon","85+ years","Male",429
"Pennsylvania","< 1 year","Female",34
"Pennsylvania","1-4 years","Female",5
"Pennsylvania","5-14 years","Female",7
"Pennsylvania","15-24 years","Female",33
"Pennsylvania","25-34 years","Female",72
"Pennsylvania","35-44 years","Female",105
"Pennsylvania","45-54 years","Female",253
"Pennsylvania","55-64 years","Female",570
"Pennsylvania","65-74 years","Female",928
"Pennsylvania","75-84 years","Female",1441
"Pennsylvania","85+ years","Female",2779
"Pennsylvania","< 1 year","Male",43
"Pennsylvania","1-4 years","Male",7
"Pennsylvania","5-14 years","Male",11
"Pennsylvania","15-24 years","Male",86
"Pennsylvania","25-34 years","Male",181
"Pennsylvania","35-44 years","Male",195
"Pennsylvania","45-54 years","Male",396
"Pennsylvania","55-64 years","Male",889
"Pennsylvania","65-74 years","Male",1234
"Pennsylvania","75-84 years","Male",1471
"Pennsylvania","85+ years","Male",1639
"Rhode Island","< 1 year","Female",2
"Rhode Island","1-4 years","Female",0
"Rhode Island","5-14 years","Female",0
"Rhode Island","15-24 years","Female",2
"Rhode Island","25-34 years","Female",4
"Rhode Island","35-44 years","Female",7
"Rhode Island","45-54 years","Female",16
"Rhode Island","55-64 years","Female",40
"Rhode Island","65-74 years","Female",63
"Rhode Island","75-84 years","Female",97
"Rhode Island","85+ years","Female",227
"Rhode Island","< 1 year","Male",3
"Rhode Island","1-4 years","Male",0
"Rhode Island","5-14 years","Male",1
"Rhode Island","15-24 years","Male",4
"Rhode Island","25-34 years","Male",10
"Rhode Island","35-44 years","Male",13
"Rhode Island","45-54 years","Male",27
"Rhode Island","55-64 years","Male",61
"Rhode Island","65-74 years","Male",83
"Rhode Island","75-84 years","Male",99
"Rhode Island","85+ years","Male",126
"South Carolina","< 1 year","Female",17
"South Carolina","1-4 years","Female",3
"South Carolina","5-14 years","Female",4
"South Carolina","15-24 years","Female",16
"South Carolina","25-34 years","Female",33
"South Carolina","35-44 years","Female",57
"South Carolina","45-54 years","Female",130
"South Carolina","55-64 years","Female",281
"South Carolina","65-74 years","Female",429
"South Carolina","75-84 years","Female",570
"South Carolina","85+ years","Female",770
"South Carolina","< 1 year","Male",22
"South Carolina","1-4 years","Male",5
"South Carolina","5-14 years","Male",5
"South Carolina","15-24 years","Male",45
"South Carolina","25-34 years","Male",74
"South Carolina","35-44 years","Male",95
"South Carolina","45-54 years","Male",198
"South Carolina","55-64 years","Male",431
"South Carolina","65-74 years","Male",592
"South Carolina","75-84 years","Male",592
"South Carolina","85+ years","Male",436
"South Dakota","< 1 year","Female",3
"South Dakota","1-4 years","Female",1
"South Dakota","5-14 years","Female",1
"South Dakota","15-24 years","Female",3
"South Dakota","25-34 years","Female",4
"South Dakota","35-44 years","Female",7
"South Dakota","45-54 years","Female",15
"South Dakota","55-64 years","Female",31
"South Dakota","65-74 years","Female",49
"South Dakota","75-84 years","Female",75
"South Dakota","85+ years","Female",158
"South Dakota","< 1 year","Male",4
"South Dakota","1-4 years","Male",1
"South Dakota","5-14 years","Male",1
"South Dakota","15-24 years","Male",7
"South Dakota","25-34 years","Male",10
"South Dakota","35-44 years","Male",12
"South Dakota","45-54 years","Male",22
"South Dakota","55-64 years","Male",52
"South Dakota","65-74 years","Male",73
"South Dakota","75-84 years","Male",87
"South Dakota","85+ years","Male",101
"Tennessee","< 1 year","Female",25
"Tennessee","1-4 years","Female",4
"Tennessee","5-14 years","Female",6
"Tennessee","15-24 years","Female",21
"Tennessee","25-34 years","Female",50
"Tennessee","35-44 years","Female",86
"Tennessee","45-54 years","Female",196
"Tennessee","55-64 years","Female",411
"Tennessee","65-74 years","Female",607
"Tennessee","75-84 years","Female",811
"Tennessee","85+ years","Female",1085
"Tennessee","< 1 year","Male",32
"Tennessee","1-4 years","Male",5
"Tennessee","5-14 years","Male",8
"Tennessee","15-24 years","Male",56
"Tennessee","25-34 years","Male",98
"Tennessee","35-44 years","Male",134
"Tennessee","45-54 years","Male",291
"Tennessee","55-64 years","Male",611
"Tennessee","65-74 years","Male",816
"Tennessee","75-84 years","Male",819
"Tennessee","85+ years","Male",612
"Texas","< 1 year","Female",94
"Texas","1-4 years","Female",18
"Texas","5-14 years","Female",23
"Texas","15-24 years","Female",72
"Texas","25-34 years","Female",128
"Texas","35-44 years","Female",232
"Texas","45-54 years","Female",503
"Texas","55-64 years","Female",1071
"Texas","65-74 years","Female",1589
"Texas","75-84 years","Female",2138
"Texas","85+ years","Female",3081
"Texas","< 1 year","Male",116
"Texas","1-4 years","Male",23
"Texas","5-14 years","Male",32
"Texas","15-24 years","Male",194
"Texas","25-34 years","Male",298
"Texas","35-44 years","Male",389
"Texas","45-54 years","Male",800
"Texas","55-64 years","Male",1688
"Texas","65-74 years","Male",2144
"Texas","75-84 years","Male",2241
"Texas","85+ years","Male",1908
"United States","< 1 year","Female",933
"United States","1-4 years","Female",157
"United States","5-14 years","Female",219
"United States","15-24 years","Female",785
"United States","25-34 years","Female",1641
"United States","35-44 years","Female",2714
"United States","45-54 years","Female",6229
"United States","55-64 years","Female",13696
"United States","65-74 years","Female",21271
"United States","75-84 years","Female",30372
"United States","85+ years","Female",50815
"United States","< 1 year","Male",1175
"United States","1-4 years","Male",210
"United States","5-14 years","Male",302
"United States","15-24 years","Male",2151
"United States","25-34 years","Male",3789
"United States","35-44 years","Male",4733
"United States","45-54 years","Male",9731
"United States","55-64 years","Male",21204
"United States","65-74 years","Male",28577
"United States","75-84 years","Male",31892
"United States","85+ years","Male",31274
"Utah","< 1 year","Female",11
"Utah","1-4 years","Female",2
"Utah","5-14 years","Female",3
"Utah","15-24 years","Female",8
"Utah","25-34 years","Female",17
"Utah","35-44 years","Female",26
"Utah","45-54 years","Female",41
"Utah","55-64 years","Female",80
"Utah","65-74 years","Female",124
"Utah","75-84 years","Female",200
"Utah","85+ years","Female",308
"Utah","< 1 year","Male",15
"Utah","1-4 years","Male",2
"Utah","5-14 years","Male",4
"Utah","15-24 years","Male",23
"Utah","25-34 years","Male",34
"Utah","35-44 years","Male",42
"Utah","45-54 years","Male",59
"Utah","55-64 years","Male",119
"Utah","65-74 years","Male",164
"Utah","75-84 years","Male",210
"Utah","85+ years","Male",220
"Vermont","< 1 year","Female",1
"Vermont","1-4 years","Female",0
"Vermont","5-14 years","Female",0
"Vermont","15-24 years","Female",1
"Vermont","25-34 years","Female",3
"Vermont","35-44 years","Female",4
"Vermont","45-54 years","Female",10
"Vermont","55-64 years","Female",24
"Vermont","65-74 years","Female",40
"Vermont","75-84 years","Female",59
"Vermont","85+ years","Female",113
"Vermont","< 1 year","Male",1
"Vermont","1-4 years","Male",1
"Vermont","5-14 years","Male",0
"Vermont","15-24 years","Male",3
"Vermont","25-34 years","Male",6
"Vermont","35-44 years","Male",7
"Vermont","45-54 years","Male",15
"Vermont","55-64 years","Male",38
"Vermont","65-74 years","Male",56
"Vermont","75-84 years","Male",64
"Vermont","85+ years","Male",69
"Virginia","< 1 year","Female",25
"Virginia","1-4 years","Female",4
"Virginia","5-14 years","Female",5
"Virginia","15-24 years","Female",18
"Virginia","25-34 years","Female",41
"Virginia","35-44 years","Female",68
"Virginia","45-54 years","Female",163
"Virginia","55-64 years","Female",361
"Virginia","65-74 years","Female",560
"Virginia","75-84 years","Female",790
"Virginia","85+ years","Female",1254
"Virginia","< 1 year","Male",32
"Virginia","1-4 years","Male",5
"Virginia","5-14 years","Male",7
"Virginia","15-24 years","Male",54
"Virginia","25-34 years","Male",88
"Virginia","35-44 years","Male",113
"Virginia","45-54 years","Male",242
"Virginia","55-64 years","Male",541
"Virginia","65-74 years","Male",736
"Virginia","75-84 years","Male",823
"Virginia","85+ years","Male",741
"Washington","< 1 year","Female",17
"Washington","1-4 years","Female",3
"Washington","5-14 years","Female",4
"Washington","15-24 years","Female",14
"Washington","25-34 years","Female",30
"Washington","35-44 years","Female",49
"Washington","45-54 years","Female",119
"Washington","55-64 years","Female",273
"Washington","65-74 years","Female",438
"Washington","75-84 years","Female",588
"Washington","85+ years","Female",1065
"Washington","< 1 year","Male",20
"Washington","1-4 years","Male",4
"Washington","5-14 years","Male",5
"Washington","15-24 years","Male",41
"Washington","25-34 years","Male",69
"Washington","35-44 years","Male",86
"Washington","45-54 years","Male",180
"Washington","55-64 years","Male",415
"Washington","65-74 years","Male",599
"Washington","75-84 years","Male",654
"Washington","85+ years","Male",691
"West Virginia","< 1 year","Female",5
"West Virginia","1-4 years","Female",1
"West Virginia","5-14 years","Female",1
"West Virginia","15-24 years","Female",6
"West Virginia","25-34 years","Female",16
"West Virginia","35-44 years","Female",27
"West Virginia","45-54 years","Female",58
"West Virginia","55-64 years","Female",128
"West Virginia","65-74 years","Female",199
"West Virginia","75-84 years","Female",268
"West Virginia","85+ years","Female",366
"West Virginia","< 1 year","Male",7
"West Virginia","1-4 years","Male",1
"West Virginia","5-14 years","Male",2
"West Virginia","15-24 years","Male",14
"West Virginia","25-34 years","Male",31
"West Virginia","35-44 years","Male",49
"West Virginia","45-54 years","Male",89
"West Virginia","55-64 years","Male",193
"West Virginia","65-74 years","Male",265
"West Virginia","75-84 years","Male",278
"West Virginia","85+ years","Male",215
"Wisconsin","< 1 year","Female",17
"Wisconsin","1-4 years","Female",3
"Wisconsin","5-14 years","Female",3
"Wisconsin","15-24 years","Female",13
"Wisconsin","25-34 years","Female",26
"Wisconsin","35-44 years","Female",39
"Wisconsin","45-54 years","Female",97
"Wisconsin","55-64 years","Female",222
"Wisconsin","65-74 years","Female",364
"Wisconsin","75-84 years","Female",558
"Wisconsin","85+ years","Female",1105
"Wisconsin","< 1 year","Male",21
"Wisconsin","1-4 years","Male",3
"Wisconsin","5-14 years","Male",5
"Wisconsin","15-24 years","Male",34
"Wisconsin","25-34 years","Male",59
"Wisconsin","35-44 years","Male",71
"Wisconsin","45-54 years","Male",155
"Wisconsin","55-64 years","Male",356
"Wisconsin","65-74 years","Male",501
"Wisconsin","75-84 years","Male",619
"Wisconsin","85+ years","Male",685
"Wyoming","< 1 year","Female",2
"Wyoming","1-4 years","Female",0
"Wyoming","5-14 years","Female",0
"Wyoming","15-24 years","Female",2
"Wyoming","25-34 years","Female",3
"Wyoming","35-44 years","Female",6
"Wyoming","45-54 years","Female",11
"Wyoming","55-64 years","Female",28
"Wyoming","65-74 years","Female",41
"Wyoming","75-84 years","Female",55
"Wyoming","85+ years","Female",82
"Wyoming","< 1 year","Male",2
"Wyoming","1-4 years","Male",1
"Wyoming","5-14 years","Male",1
"Wyoming","15-24 years","Male",5
"Wyoming","25-34 years","Male",8
"Wyoming","35-44 years","Male",11
"Wyoming","45-54 years","Male",18
"Wyoming","55-64 years","Male",41
"Wyoming","65-74 years","Male",58
"Wyoming","75-84 years","Male",62
"Wyoming","85+ years","Male",59
